{
  "status": "success",
  "layer_summary": {
    "0": {
      "ctd_mean": 0.3351234465837479,
      "ctd_max": 0.6586214601993561,
      "ctd_ratio": 109.43553007654853,
      "cohens_d": 2.3630200437979063,
      "p_value": 9.905110747112478e-30,
      "significant": true
    },
    "1": {
      "ctd_mean": 0.2769895613193512,
      "ctd_max": 0.5375131964683533,
      "ctd_ratio": 59.569606026249076,
      "cohens_d": 2.411644804921811,
      "p_value": 1.9497744677706568e-29,
      "significant": true
    },
    "2": {
      "ctd_mean": 0.18608044385910033,
      "ctd_max": 0.417682409286499,
      "ctd_ratio": 28.526745893367764,
      "cohens_d": 2.0684242331444187,
      "p_value": 1.3165665949930125e-23,
      "significant": true
    },
    "3": {
      "ctd_mean": 0.17039910554885865,
      "ctd_max": 0.40043020248413086,
      "ctd_ratio": 32.27504469987229,
      "cohens_d": 1.8886362875675249,
      "p_value": 3.029492970026674e-20,
      "significant": true
    },
    "4": {
      "ctd_mean": 0.14448317289352416,
      "ctd_max": 0.34113287925720215,
      "ctd_ratio": 26.984614603224077,
      "cohens_d": 1.729736853004198,
      "p_value": 1.7220752915303055e-17,
      "significant": true
    },
    "5": {
      "ctd_mean": 0.009282243251800538,
      "ctd_max": 0.03065502643585205,
      "ctd_ratio": 24.91147603265298,
      "cohens_d": 1.3472757849224786,
      "p_value": 1.0649085214195218e-11,
      "significant": true
    }
  },
  "key_findings": {
    "best_layer": 0,
    "best_ctd": 0.6586214601993561,
    "best_ctd_ratio": 109.43553007654853,
    "best_cohens_d": 2.3630200437979063,
    "best_p_value": 9.905110747112478e-30,
    "conclusion": "Critical Token Divergence is a scale-invariant phenomenon masked by sequence pooling"
  },
  "layer_findings": {
    "0": {
      "critical": {
        "mean": 0.3351234465837479,
        "std": 0.19836220151980347,
        "max": 0.6586214601993561,
        "n": 10
      },
      "non_critical": {
        "mean": 0.003062291070818901,
        "std": 0.012101914765633309,
        "max": 0.07885074615478516,
        "n": 96
      },
      "ctd_ratio": 109.43553007654853,
      "cohens_d": 2.3630200437979063,
      "p_value": 9.905110747112478e-30
    },
    "1": {
      "critical": {
        "mean": 0.2769895613193512,
        "std": 0.15882144009009,
        "max": 0.5375131964683533,
        "n": 10
      },
      "non_critical": {
        "mean": 0.004649847125013669,
        "std": 0.016755486880207112,
        "max": 0.11291003227233887,
        "n": 96
      },
      "ctd_ratio": 59.569606026249076,
      "cohens_d": 2.411644804921811,
      "p_value": 1.9497744677706568e-29
    },
    "2": {
      "critical": {
        "mean": 0.18608044385910033,
        "std": 0.12143503547365216,
        "max": 0.417682409286499,
        "n": 10
      },
      "non_critical": {
        "mean": 0.006523016840219498,
        "std": 0.01802963997397684,
        "max": 0.09136486053466797,
        "n": 96
      },
      "ctd_ratio": 28.526745893367764,
      "cohens_d": 2.0684242331444187,
      "p_value": 1.3165665949930125e-23
    },
    "3": {
      "critical": {
        "mean": 0.17039910554885865,
        "std": 0.1216870353409138,
        "max": 0.40043020248413086,
        "n": 10
      },
      "non_critical": {
        "mean": 0.0052795931696891785,
        "std": 0.021898454017118457,
        "max": 0.1806854009628296,
        "n": 96
      },
      "ctd_ratio": 32.27504469987229,
      "cohens_d": 1.8886362875675249,
      "p_value": 3.029492970026674e-20
    },
    "4": {
      "critical": {
        "mean": 0.14448317289352416,
        "std": 0.11149730505023796,
        "max": 0.34113287925720215,
        "n": 10
      },
      "non_critical": {
        "mean": 0.005354279652237892,
        "std": 0.0225270097705141,
        "max": 0.17908239364624023,
        "n": 96
      },
      "ctd_ratio": 26.984614603224077,
      "cohens_d": 1.729736853004198,
      "p_value": 1.7220752915303055e-17
    },
    "5": {
      "critical": {
        "mean": 0.009282243251800538,
        "std": 0.009098165984682445,
        "max": 0.03065502643585205,
        "n": 10
      },
      "non_critical": {
        "mean": 0.00037260912358760834,
        "std": 0.002165378622627755,
        "max": 0.02074575424194336,
        "n": 96
      },
      "ctd_ratio": 24.91147603265298,
      "cohens_d": 1.3472757849224786,
      "p_value": 1.0649085214195218e-11
    }
  },
  "verdict": "BREAKTHROUGH: Critical Token Divergence phenomenon discovered"
}