{
  "status": "success",
  "timestamp": "2025-12-12 11:42:31",
  "scaling_correlation": 0.9816528838766092,
  "scaling_p_value": 0.12213644495671647,
  "scaling_verdict": "PARTIAL: Positive trend but not significant",
  "model_results": {
    "EleutherAI/pythia-70m": {
      "param_count_millions": 70,
      "num_layers": 6,
      "hidden_dim": 512,
      "best_layer": 0,
      "best_ctd_ratio": 122.37741089078158,
      "best_ctd_mean": 0.3065435916185379,
      "best_ctd_max": 0.6586214601993561,
      "best_cohens_d": 2.1568985811873276,
      "best_p_value": 1.0282835873331638e-26,
      "all_layers": {
        "0": {
          "ctd_mean": 0.3065435916185379,
          "ctd_max": 0.6586214601993561,
          "non_critical_mean": 0.0025049033917878805,
          "ctd_ratio": 122.37741089078158,
          "cohens_d": 2.1568985811873276,
          "t_stat": 14.54312198432221,
          "p_value": 1.0282835873331638e-26,
          "n_critical": 10,
          "n_non_critical": 95
        },
        "1": {
          "ctd_mean": 0.2575033962726593,
          "ctd_max": 0.5375131964683533,
          "non_critical_mean": 0.003980161014356111,
          "ctd_ratio": 64.69672843482107,
          "cohens_d": 2.2546060276163304,
          "t_stat": 14.761707752552887,
          "p_value": 3.623305931825706e-27,
          "n_critical": 10,
          "n_non_critical": 95
        },
        "2": {
          "ctd_mean": 0.1740825355052948,
          "ctd_max": 0.417682409286499,
          "non_critical_mean": 0.006305279857233951,
          "ctd_ratio": 27.609010138633668,
          "cohens_d": 1.9218452970234534,
          "t_stat": 12.000070713598955,
          "p_value": 2.791213776269726e-21,
          "n_critical": 10,
          "n_non_critical": 95
        },
        "3": {
          "ctd_mean": 0.16029569506645203,
          "ctd_max": 0.40043020248413086,
          "non_critical_mean": 0.004916730679963764,
          "ctd_ratio": 32.60208978288666,
          "cohens_d": 1.8219487271101433,
          "t_stat": 10.997541910858203,
          "p_value": 4.503311362681283e-19,
          "n_critical": 10,
          "n_non_critical": 95
        },
        "4": {
          "ctd_mean": 0.1395051121711731,
          "ctd_max": 0.34113287925720215,
          "non_critical_mean": 0.005000911260906018,
          "ctd_ratio": 27.89593833862568,
          "cohens_d": 1.6869285891637043,
          "t_stat": 9.954560258888485,
          "p_value": 9.337232593270349e-17,
          "n_critical": 10,
          "n_non_critical": 95
        },
        "5": {
          "ctd_mean": 0.009029901027679444,
          "ctd_max": 0.03065502643585205,
          "non_critical_mean": 0.0003641115991692794,
          "ctd_ratio": 24.799817001933373,
          "cohens_d": 1.2971197388073887,
          "t_stat": 7.35192118806023,
          "p_value": 4.825967312400874e-11,
          "n_critical": 10,
          "n_non_critical": 95
        }
      }
    },
    "EleutherAI/pythia-160m": {
      "param_count_millions": 160,
      "num_layers": 12,
      "hidden_dim": 768,
      "best_layer": 0,
      "best_ctd_ratio": 170.28060088495116,
      "best_ctd_mean": 0.43348032534122466,
      "best_ctd_max": 0.6970114707946777,
      "best_cohens_d": 3.1436743620873764,
      "best_p_value": 2.1117905816994036e-39,
      "all_layers": {
        "0": {
          "ctd_mean": 0.43348032534122466,
          "ctd_max": 0.6970114707946777,
          "non_critical_mean": 0.002545682380073949,
          "ctd_ratio": 170.28060088495116,
          "cohens_d": 3.1436743620873764,
          "t_stat": 21.227397495547596,
          "p_value": 2.1117905816994036e-39,
          "n_critical": 10,
          "n_non_critical": 95
        },
        "1": {
          "ctd_mean": 0.3309686124324799,
          "ctd_max": 0.6714153289794922,
          "non_critical_mean": 0.0038467388404043097,
          "ctd_ratio": 86.03875286675131,
          "cohens_d": 2.5748279480480307,
          "t_stat": 16.985420963360973,
          "p_value": 1.2429894093961188e-31,
          "n_critical": 10,
          "n_non_critical": 95
        },
        "2": {
          "ctd_mean": 0.3139029860496521,
          "ctd_max": 0.5799422860145569,
          "non_critical_mean": 0.0050965861270302225,
          "ctd_ratio": 61.590833202020896,
          "cohens_d": 2.7886895924848307,
          "t_stat": 17.911229653494203,
          "p_value": 2.0667950865836864e-33,
          "n_critical": 10,
          "n_non_critical": 95
        },
        "3": {
          "ctd_mean": 0.26227771043777465,
          "ctd_max": 0.5701202750205994,
          "non_critical_mean": 0.009005611193807501,
          "ctd_ratio": 29.12381012164103,
          "cohens_d": 2.4107079820302264,
          "t_stat": 14.337515727439374,
          "p_value": 2.7569444769058266e-26,
          "n_critical": 10,
          "n_non_critical": 95
        },
        "4": {
          "ctd_mean": 0.23033181130886077,
          "ctd_max": 0.5001691281795502,
          "non_critical_mean": 0.0051507818071465745,
          "ctd_ratio": 44.717835065209215,
          "cohens_d": 2.313539523819074,
          "t_stat": 14.737467466127622,
          "p_value": 4.066506077122606e-27,
          "n_critical": 10,
          "n_non_critical": 95
        },
        "5": {
          "ctd_mean": 0.17396966814994813,
          "ctd_max": 0.4097241163253784,
          "non_critical_mean": 0.0047052490083794845,
          "ctd_ratio": 36.97353059107584,
          "cohens_d": 2.0676533632706597,
          "t_stat": 12.747409794087416,
          "p_value": 6.615812432197807e-23,
          "n_critical": 10,
          "n_non_critical": 95
        },
        "6": {
          "ctd_mean": 0.1563991129398346,
          "ctd_max": 0.34689486026763916,
          "non_critical_mean": 0.0038486035246598094,
          "ctd_ratio": 40.63788642756056,
          "cohens_d": 1.9995017985987626,
          "t_stat": 12.549143484260865,
          "p_value": 1.7771593321090227e-22,
          "n_critical": 10,
          "n_non_critical": 95
        },
        "7": {
          "ctd_mean": 0.09483513236045837,
          "ctd_max": 0.19684243202209473,
          "non_critical_mean": 0.0031573439899243807,
          "ctd_ratio": 30.03636368513958,
          "cohens_d": 1.9635917716652704,
          "t_stat": 11.133868197686443,
          "p_value": 2.24830629413623e-19,
          "n_critical": 10,
          "n_non_critical": 95
        },
        "8": {
          "ctd_mean": 0.12330012917518615,
          "ctd_max": 0.31478387117385864,
          "non_critical_mean": 0.0044827693387081745,
          "ctd_ratio": 27.50534766768041,
          "cohens_d": 1.6190138225010484,
          "t_stat": 9.525725653530428,
          "p_value": 8.394375104098516e-16,
          "n_critical": 10,
          "n_non_critical": 95
        },
        "9": {
          "ctd_mean": 0.12100402116775513,
          "ctd_max": 0.3549097180366516,
          "non_critical_mean": 0.0037376435179459423,
          "ctd_ratio": 32.37441467779518,
          "cohens_d": 1.585867191556487,
          "t_stat": 9.908369455037331,
          "p_value": 1.1829956572256876e-16,
          "n_critical": 10,
          "n_non_critical": 95
        },
        "10": {
          "ctd_mean": 0.11790371537208558,
          "ctd_max": 0.39380908012390137,
          "non_critical_mean": 0.0028696712694670024,
          "ctd_ratio": 41.08613994451859,
          "cohens_d": 1.4874617879409444,
          "t_stat": 9.783147610437206,
          "p_value": 2.246765382345657e-16,
          "n_critical": 10,
          "n_non_critical": 95
        },
        "11": {
          "ctd_mean": 0.009852486848831176,
          "ctd_max": 0.04218900203704834,
          "non_critical_mean": 0.000326039289173327,
          "ctd_ratio": 30.218710370189335,
          "cohens_d": 1.1020272605711607,
          "t_stat": 7.0466026812079265,
          "p_value": 2.138941124682241e-10,