{
  "stats": {
    "total_episodes": 5,
    "successes": 5,
    "failures": 0,
    "strategies_evolved": 0,
    "patterns_discovered": 0
  },
  "direction_counts": {
    "correct": 8,
    "incorrect": 3,
    "recovery": 0
  },
  "current_strategy": {
    "strategy_id": "89b1818d",
    "layer_weights": {
      "0": 0.2907293651172498,
      "1": 0.21507372802014246,
      "2": 0.06390565364171497,
      "3": 0.14445088381608995,
      "4": 0.0834490315727271,
      "5": 0.42357817413127463
    },
    "alpha_schedule": [
      0.40753568353328584,
      0.19043611842879746,
      0.21602087459768715,
      0.32840594928465316,
      0.3016928688031064,
      0.19836904432547353,
      0.4927715552329087,
      0.2165782225495868,
      0.46341345033725323,
      0.35941001813349205
    ],
    "primitive_focus": [
      "negation",
      "implication"
    ],
    "fitness": 0.0,
    "generation": 0
  }
}