{
  "status": "success",
  "aggregate": {
    "mean_curvature_diff": 0.0017472866239824358,
    "std_curvature_diff": 0.014685304242242098,
    "mean_arc_length_diff": 0.17311495542526245,
    "mean_direction_changes_diff": -0.0007559927180409431,
    "mean_trajectory_distance": 0.7459383842845758,
    "min_trajectory_cosine": 0.9930533766746521,
    "mean_min_cosine": 0.9969312027096748
  },
  "layer_divergence": {
    "0": {
      "mean_distance": 0.4275277331471443,
      "mean_cosine": 0.9969750866293907,
      "divergence": 0.0030249133706092834
    },
    "1": {
      "mean_distance": 0.5197135806083679,
      "mean_cosine": 0.9978232458233833,
      "divergence": 0.0021767541766166687
    },
    "2": {
      "mean_distance": 0.7375555895268917,
      "mean_cosine": 0.9996074438095093,
      "divergence": 0.00039255619049072266
    },
    "3": {
      "mean_distance": 0.7362030185759068,
      "mean_cosine": 0.9995696023106575,
      "divergence": 0.0004303976893424988
    },
    "4": {
      "mean_distance": 0.7742802016437054,
      "mean_cosine": 0.9989054426550865,
      "divergence": 0.0010945573449134827
    },
    "5": {
      "mean_distance": 1.2803501822054386,
      "mean_cosine": 0.9999023303389549,
      "divergence": 9.766966104507446e-05
    }
  },
  "curvature_ttest": {
    "t_stat": 0.3147967382868022,
    "p_value": 0.7620918914122033
  },
  "curvature_cohens_d": 0.11898198329159482,
  "max_layer_divergence": 0.0030249133706092834,
  "most_divergent_layer": 0,
  "verdict": "NEGATIVE: Trajectories are geometrically similar",
  "finding": "Both correct and incorrect reasoning follow similar paths"
}