{
  "status": "success",
  "raw_separation": -0.059040747582912445,
  "attractor_alignment": {
    "max_alignment": 0.10832835733890533,
    "mean_alignment": 0.0028115578461438417,
    "best_attractor": 3,
    "positive_count": 5
  },
  "contrastive_snapping": {
    "before_similarity": 0.983874701133486,
    "after_similarity": 0.9838748310461323,
    "improvement": 1.2991264630723975e-07,
    "improved_fraction": 1.0
  },
  "standard_snapping": {
    "before_similarity": 0.983874701133486,
    "after_similarity": 0.9838748455236784,
    "improvement": 1.4439019246914597e-07,
    "improved_fraction": 0.9
  },
  "anti_attractor_alignment": {
    "max_alignment": 0.07804033160209656,
    "mean_alignment": 0.018129151314496994,
    "best_attractor": 6,
    "positive_count": 6
  },
  "contrastive_stats": {
    "interventions": 10,
    "repulsions": 0,
    "updates": 3,
    "repulsion_ratio": 0.0,
    "attractor_entropy": 0.6535212263206829
  },
  "overall_geometric_score": 0.3889304018392067,
  "verdict": "WEAK: Geometric effects not yet significant"
}