{
  "status": "success",
  "layer_results": {
    "0": {
      "first_vs_last_tstat": -3.7940543850897703,
      "first_vs_last_pvalue": 0.00035604230542635705,
      "first_quarter_mean_divergence": 1.625581221147017e-08,
      "first_quarter_std_divergence": 1.1297063951139658e-07,
      "first_quarter_max_divergence": 1.7881393432617188e-07,
      "middle_half_mean_divergence": 0.028408208201008457,
      "middle_half_std_divergence": 0.11852518890932812,
      "middle_half_max_divergence": 0.6551713645458221,
      "last_quarter_mean_divergence": 0.12842094898223877,
      "last_quarter_std_divergence": 0.1911734640084102,
      "last_quarter_max_divergence": 0.5660594999790192,
      "overall_mean_divergence": 0.042857992355940774,
      "overall_std_divergence": 0.13210136703966288,
      "overall_max_divergence": 0.6551713645458221,
      "max_divergence_position": 17,
      "max_position_divergence": 0.2864998976389567
    },
    "1": {
      "first_vs_last_tstat": -3.8388696564083657,
      "first_vs_last_pvalue": 0.00030802118122901797,
      "first_quarter_mean_divergence": -9.031006784150095e-09,
      "first_quarter_std_divergence": 1.0992631084776602e-07,
      "first_quarter_max_divergence": 2.384185791015625e-07,
      "middle_half_mean_divergence": 0.02660656407956154,
      "middle_half_std_divergence": 0.10791366002710899,
      "middle_half_max_divergence": 0.5857211351394653,
      "last_quarter_mean_divergence": 0.10544056252196983,
      "last_quarter_std_divergence": 0.15513140521239766,
      "last_quarter_max_divergence": 0.504614919424057,
      "overall_mean_divergence": 0.03685657264756375,
      "overall_std_divergence": 0.11272083902805978,
      "overall_max_divergence": 0.5857211351394653,
      "max_divergence_position": 17,
      "max_position_divergence": 0.23355374733606973
    },
    "2": {
      "first_vs_last_tstat": -3.8857383045590197,
      "first_vs_last_pvalue": 0.00026447728321209743,
      "first_quarter_mean_divergence": -1.806201356830019e-08,
      "first_quarter_std_divergence": 1.1874314448250859e-07,
      "first_quarter_max_divergence": 2.384185791015625e-07,
      "middle_half_mean_divergence": 0.017597032170141896,
      "middle_half_std_divergence": 0.07137590847720095,
      "middle_half_max_divergence": 0.37750887870788574,
      "last_quarter_mean_divergence": 0.08398337717409488,
      "last_quarter_std_divergence": 0.1220717641937195,
      "last_quarter_max_divergence": 0.43744969367980957,
      "overall_mean_divergence": 0.02752923428035173,
      "overall_std_divergence": 0.08274876376813706,
      "overall_max_divergence": 0.43744969367980957,
      "max_divergence_position": 17,
      "max_position_divergence": 0.12643619378407797
    },
    "3": {
      "first_vs_last_tstat": -3.298993049499999,
      "first_vs_last_pvalue": 0.0016618208145275364,
      "first_quarter_mean_divergence": -6.321704748905066e-08,
      "first_quarter_std_divergence": 1.5935569098582973e-07,
      "first_quarter_max_divergence": 2.384185791015625e-07,
      "middle_half_mean_divergence": 0.017231549947492538,
      "middle_half_std_divergence": 0.06994170619991665,
      "middle_half_max_divergence": 0.3473220467567444,
      "last_quarter_mean_divergence": 0.07582934255953189,
      "last_quarter_std_divergence": 0.12982298593587357,
      "last_quarter_max_divergence": 0.4967365264892578,
      "overall_mean_divergence": 0.025538903767945337,
      "overall_std_divergence": 0.08358962616789474,
      "overall_max_divergence": 0.4967365264892578,
      "max_divergence_position": 17,
      "max_position_divergence": 0.13282422224680582
    },
    "4": {
      "first_vs_last_tstat": -2.8633219091120887,
      "first_vs_last_pvalue": 0.005825628053587878,
      "first_quarter_mean_divergence": 3.070542306611032e-08,
      "first_quarter_std_divergence": 1.0491527016565731e-07,
      "first_quarter_max_divergence": 2.980232238769531e-07,
      "middle_half_mean_divergence": 0.016907834237621676,
      "middle_half_std_divergence": 0.06907311375089276,
      "middle_half_max_divergence": 0.35976970195770264,
      "last_quarter_mean_divergence": 0.10219188310481885,
      "last_quarter_std_divergence": 0.2015772131663739,
      "last_quarter_max_divergence": 0.8032344281673431,
      "overall_mean_divergence": 0.031208750654439458,
      "overall_std_divergence": 0.11357718475010384,
      "overall_max_divergence": 0.8032344281673431,
      "max_divergence_position": 17,
      "max_position_divergence": 0.20416041215260824
    },
    "5": {
      "first_vs_last_tstat": -2.045279969274006,
      "first_vs_last_pvalue": 0.045372695578611746,
      "first_quarter_mean_divergence": 1.625581221147017e-08,
      "first_quarter_std_divergence": 9.65262125180518e-08,
      "first_quarter_max_divergence": 2.384185791015625e-07,
      "middle_half_mean_divergence": 0.0010171263448653682,
      "middle_half_std_divergence": 0.004023628200704687,
      "middle_half_max_divergence": 0.019025444984436035,
      "last_quarter_mean_divergence": 0.006002152407610858,
      "last_quarter_std_divergence": 0.01657480467395701,
      "last_quarter_max_divergence": 0.08694630861282349,
      "overall_mean_divergence": 0.0018452498756471227,
      "overall_std_divergence": 0.008609345885370663,
      "overall_max_divergence": 0.08694630861282349,
      "max_divergence_position": 17,
      "max_position_divergence": 0.031534175078074135
    }
  },
  "aggregate_first_quarter_mean": -4.5155033920750475e-09,
  "aggregate_last_quarter_mean": 0.08364471112504418,
  "aggregate_last_first_ratio": 0,
  "max_token_level_divergence": 0.8032344281673431,
  "verdict": "BREAKTHROUGH: Token-level analysis reveals hidden signal"
}