{
  "model": "Qwen/Qwen1.5-1.8B",
  "dataset": "hellaswag",
  "layer": 8,
  "baseline_acc": 0.4,
  "final_acc": 0.5,
  "improvement": 0.09999999999999998,
  "loss_history": [
    1.394923095703125,
    1.06688720703125,
    0.89119873046875
  ]
}