{
  "baseline_accuracy": 0.42,
  "steered_accuracy": 0.4266666666666667,
  "improvement": 0.00666666666666671,
  "flipped_correct": 1,
  "flipped_wrong": 0
}