{
  "baseline_acc": 0.435,
  "final_acc": 0.45,
  "improvement": 0.015000000000000013,
  "vector_norm": 8.032374382019043,
  "loss_history": [
    2.10186767578125,
    1.59530029296875,
    1.438343505859375,
    1.3432098388671876,
    1.3139129638671876
  ]
}