{
  "metadata": {
    "timestamp": "2025-12-07T18:51:37.805176",
    "num_trials": 10,
    "trial_seeds": [
      1000,
      1001,
      1002,
      1003,
      1004,
      1005,
      1006,
      1007,
      1008,
      1009
    ]
  },
  "raw_results": {
    "baseline_accuracies": [
      0.5680680855722336,
      0.5712916114436962,
      0.4578645316380605,
      0.5303550914765611,
      0.5783278977400209,
      0.5214820060170606,
      0.6027447908259119,
      0.5859757355112333,
      0.6875843984849419,
      0.5904076048392066
    ],
    "eas_accuracies": [
      0.9575281086721369,
      0.7784963228000449,
      0.8828050507716186,
      0.8275176638843715,
      0.828914380566429,
      0.79661687929848,
      0.7886833554458378,
      0.8016502103715628,
      0.7999124883002804,
      0.7322155017089722
    ],
    "improvements": [
      0.38946002309990324,
      0.20720471135634866,
      0.4249405191335581,
      0.2971625724078104,
      0.25058648282640805,
      0.2751348732814194,
      0.18593856461992586,
      0.21567447486032953,
      0.11232808981533848,
      0.14180789686976558
    ]
  },
  "statistical_validation": {
    "t_statistic": 7.876645911964823,
    "p_value": 2.5055307487027542e-05,
    "cohens_d": 4.325277057351957,
    "statistically_significant": true,
    "baseline_mean": 0.5694101753548926,
    "baseline_ci": [
      0.5266604190985936,
      0.6121599316111915
    ],
    "eas_mean": 0.8194339961819734,
    "eas_ci": [
      0.7750231708241249,
      0.863844821539822
    ],
    "improvement_mean": 0.25002382082708074,
    "improvement_ci": [
      0.17821747285998724,
      0.32183016879417425
    ],
    "baseline_std": 0.05669335043330436,
    "eas_std": 0.05889620679822716
  }
}