{
  "metadata": {
    "timestamp": "2025-12-07T18:49:35.947368",
    "total_runtime": 4.2357141971588135,
    "device": "cuda",
    "num_trials": 15,
    "trial_seeds_used": [
      42,
      43,
      44,
      45,
      46,
      47,
      48,
      49,
      50,
      51,
      52,
      53,
      54,
      55,
      56
    ]
  },
  "performance_results": {
    "baseline_accuracies": [
      0.66,
      0.66,
      0.66,
      0.66,
      0.66,
      0.66,
      0.66,
      0.66,
      0.66,
      0.66,
      0.66,
      0.66,
      0.66,
      0.66,
      0.66
    ],
    "eas_accuracies": [
      0.74,
      0.74,
      0.74,
      0.74,
      0.74,
      0.74,
      0.74,
      0.74,
      0.74,
      0.74,
      0.74,
      0.74,
      0.74,
      0.74,
      0.74
    ],
    "improvements": [
      0.07999999999999996,
      0.07999999999999996,
      0.07999999999999996,
      0.07999999999999996,
      0.07999999999999996,
      0.07999999999999996,
      0.07999999999999996,
      0.07999999999999996,
      0.07999999999999996,
      0.07999999999999996,
      0.07999999999999996,
      0.07999999999999996,
      0.07999999999999996,
      0.07999999999999996,
      0.07999999999999996
    ]
  },
  "statistical_validation": {
    "t_statistic": 1.0784593160206838e+16,
    "p_value": 7.669567265048607e-218,
    "cohens_d": 1019048267604123.4,
    "statistically_significant": true,
    "baseline_mean": 0.66,
    "baseline_ci": [
      NaN,
      NaN
    ],
    "eas_mean": 0.7400000000000001,
    "eas_ci": [
      0.74,
      0.7400000000000002
    ],
    "improvement_mean": 0.07999999999999999,
    "improvement_ci": [
      0.07999999999999997,
      0.08
    ],
    "baseline_std": 0.0,
    "eas_std": 1.1102230246251565e-16
  },
  "baseline_comparisons": {
    "baseline": [
      0.66
    ],
    "eas": [
      0.74
    ],
    "random_control": [
      0.62
    ],
    "fixed_steering": [
      0.62
    ],
    "no_clamping": [
      0.62
    ]
  },
  "summary_metrics": {
    "baseline_mean_accuracy": 0.66,
    "eas_mean_accuracy": 0.7400000000000001,
    "mean_improvement": 0.07999999999999999,
    "improvement_percentage": 12.12121212121212,
    "statistical_significance": true,
    "effect_size": 1019048267604123.4,
    "confidence_level": 0.95
  }
}